x_target_m,z_target_m,x_final_m,z_final_m,x_error_m,z_error_m,total_error_m,final_speed_m_per_s
50,50,50.0959652746377,49.9999601317026,-0.0959652746377273,3.98682974278586e-05,0.0959652829192702,0.00860073014771004
100,50,100.209856087793,50.0000496440578,-0.209856087793128,-4.96440578316992e-05,0.209856093665086,0.0172694465254855
150,50,150.368774716124,49.9998929886664,-0.368774716123994,0.000107011333632556,0.36877473165031,0.0172789568748297
-100,75,-100.203580123688,75.0002528030218,0.203580123688056,-0.000252803021808745,0.203580280651668,0.0170008026705601
75,125,75.1468920673613,124.999899330241,-0.146892067361321,0.000100669758566596,0.146892101857395,0.0131118373971683
